<pos_static_blocks>
<!-- static block configuration -->
	<block>
		<id_posstaticblock>2</id_posstaticblock>
		<identify>info_static_footer</identify>
		<hook_position>displayFooter</hook_position>
		<name_module>ps_emailsubscription</name_module>
		<hook_module>displayFooter</hook_module>
		<posorder>0</posorder>
		<insert_module>1</insert_module>
		<active>0</active>
		<is_default>0</is_default>
		<showhook>1</showhook>
	</block>
	<block>
		<id_posstaticblock>3</id_posstaticblock>
		<identify>Copyright</identify>
		<hook_position>displayFooterAfter</hook_position>
		<name_module></name_module>
		<hook_module>0</hook_module>
		<posorder>0</posorder>
		<insert_module>0</insert_module>
		<active>0</active>
		<is_default>0</is_default>
		<showhook>1</showhook>
	</block>

<!-- block language configuration -->	

	<block_language>
		<id_posstaticblock>2</id_posstaticblock>
		<id_lang>1</id_lang>
		<title>Info Static footer</title>
		<description>
			 <![CDATA[
				
			 ]]>
		</description>
	</block_language>
	
	<block_language>
		<id_posstaticblock>3</id_posstaticblock>
		<id_lang>1</id_lang>
		<title>Copyright</title>
		<description>
			 <![CDATA[
				<div class="col-lg-6 col-md-6 col-xs-12">
				<div class="logo_footer"><a href="#"><img src="/posthemes/pos_jico/img/cms/logo-footer.png" alt="" /> </a></div>
				<address>Copyright <i class="icon-copyright"></i><a href="http://posthemes.com/">Posthemes</a>. All Rights Reserved</address></div>
			 ]]>
		</description>
	</block_language>
<!-- block shop configuration -->
	<block_shop>
		<id_posstaticblock>2</id_posstaticblock>
		<id_shop>1</id_shop>
	</block_shop>
	<block_shop>
		<id_posstaticblock>3</id_posstaticblock>
		<id_shop>1</id_shop>
	</block_shop>
</pos_static_blocks>