<pos_static_blocks>
<!-- static block configuration -->
	<block>
		<id_posstaticblock>7</id_posstaticblock>
		<identify>banner_top</identify>
		<hook_position>displayBlockPosition1</hook_position>
		<name_module></name_module>
		<hook_module>0</hook_module>
		<posorder>0</posorder>
		<insert_module>0</insert_module>
		<active>0</active>
		<showhook>1</showhook>
	</block>	
	<block>
		<id_posstaticblock>8</id_posstaticblock>
		<identify>banner_home</identify>
		<hook_position>displayBlockPosition2</hook_position>
		<name_module></name_module>
		<hook_module>0</hook_module>
		<posorder>0</posorder>
		<insert_module>0</insert_module>
		<active>0</active>
		<showhook>1</showhook>
	</block>

<!-- block lang configuration -->
	<block_lang>
		<id_posstaticblock>7</id_posstaticblock>
		<id_lang>1</id_lang>
		<title>Banner Top</title>
		<description>
			 <![CDATA[
				<div class="banner-top">
				<div class="image"><img src="/posthemes/pos_jico/img/cms/cms_1.1.jpg" alt="banner" class="img-responsive" /></div>
				<div class="container">
				<div class="tex-banner"><span>Big Sale Up To</span>
				<h2>20% OFF</h2>
				<p>Urna velit est est turpis fermentum erat sit sit dolor, morbi donec, maecenas velit morbi turpis, ipsum lacus amet amet, blandit odio augue.</p>
				<a href="#">Discover Now</a></div>
				</div>
				</div>
			 ]]>
		</description>
	</block_lang>
	<block_lang>
		<id_posstaticblock>8</id_posstaticblock>
		<id_lang>1</id_lang>
		<title>Banner Home</title>
		<description>
			 <![CDATA[
				<div class="banner-home">
				<div class="container">
				<div class="row">
				<div class="col-xs-12 col-md-4 col-lg-4">
				<div class="banner-warpper"><span class="lnr lnr-bus"></span>
				<h2>Free Shipping Worldwide</h2>
				<p>Pede vivamus morbi ac tempus, dolor erat et atque risus pede, est nunc et tortor sem, est id quam diam erat leo lorem. morbi pede libero nec ultricies.</p>
				</div>
				</div>
				<div class="col-xs-12 col-md-4 col-lg-4">
				<div class="banner-warpper"><span class="lnr lnr-sync"></span>
				<h2>Money Back Guarantee</h2>
				<p>Pede vivamus morbi ac tempus, dolor erat et atque risus pede, est nunc et tortor sem, est id quam diam erat leo lorem. morbi pede libero nec ultricies.</p>
				</div>
				</div>
				<div class="col-xs-12 col-md-4 col-lg-4">
				<div class="banner-warpper"><span class="lnr lnr-users"></span>
				<h2>Online support 24/7</h2>
				<p>Pede vivamus morbi ac tempus, dolor erat et atque risus pede, est nunc et tortor sem, est id quam diam erat leo lorem. morbi pede libero nec ultricies.</p>
				</div>
				</div>
				</div>
				</div>
				</div>
			 ]]>
		</description>
	</block_lang>
	

<!-- block shop configuration -->
	<block_shop>
		<id_posstaticblock>7</id_posstaticblock>
		<id_shop>1</id_shop>
	</block_shop>
	<block_shop>
		<id_posstaticblock>8</id_posstaticblock>
		<id_shop>1</id_shop>
	</block_shop>
</pos_static_blocks>